var1,var2,var3
Jose,Jose@mail.com,password1234
Jaden,Jaden@mail.com,password1235
Ronald,Ronald@mail.com,password1236
Evan,Evan@mail.com,password1237
Hugh,Hugh@mail.com,password1238
Cesar,Cesar@mail.com,password1239
Nylah,Nylah@mail.com,password1240
Coleman,Coleman@mail.com,password1241
Jaeden,Jaeden@mail.com,password1242
Aspen,Aspen@mail.com,password1243
Jeramiah,Jeramiah@mail.com,password1244
Lola,Lola@mail.com,password1245
Trevon,Trevon@mail.com,password1246
Everett,Everett@mail.com,password1247
Jamarion,Jamarion@mail.com,password1248
Hailie,Hailie@mail.com,password1249
Jude,Jude@mail.com,password1250
Nathaniel,Nathaniel@mail.com,password1251
Morgan,Morgan@mail.com,password1252
Kelsey,Kelsey@mail.com,password1253
Hazel,Hazel@mail.com,password1254
Layton,Layton@mail.com,password1255
Davon,Davon@mail.com,password1256
Hailee,Hailee@mail.com,password1257
Jadon,Jadon@mail.com,password1258
Harrison,Harrison@mail.com,password1259
Amare,Amare@mail.com,password1260
Troy,Troy@mail.com,password1261
Kamila,Kamila@mail.com,password1262
Ishaan,Ishaan@mail.com,password1263
Izabelle,Izabelle@mail.com,password1264
Jacquelyn,Jacquelyn@mail.com,password1265
Parker,Parker@mail.com,password1266
Marisol,Marisol@mail.com,password1267
Jaslene,Jaslene@mail.com,password1268
Giancarlo,Giancarlo@mail.com,password1269
Virginia,Virginia@mail.com,password1270
Jason,Jason@mail.com,password1271